id,essay_text,id_prompt,grades,gemini_grades,gemini_output
171,"""A publicidade infantil movimenta bilhões de dólares e é responsável por considerável aumento no número de vendas de produtos e serviços direcionados às crianças. No Brasil, o debate sobre a publicidade infantil representa uma questão que envolve interesses diversos. Nesse contexto, o governo deve regulamentar a veiculação e o conteúdo de campanhas publicitárias voltadas às crianças, pois, do contrário, elas podem ser prejudicadas em sua formação, com prejuízos físicos, psicológicos e emocionais.
Em primeiro lugar, nota-se que as propagandas voltadas ao público mais jovem podem influir nos hábitos alimentares, podendo alterar, consequentemente, o desenvolvimento físico e a saúde das crianças. Os brindes que acompanham as refeições infantis ofertados pelas grandes redes de lanchonetes, por exemplo, aumentam o consumo de alimentos muito calóricos e prejudiciais à saúde pelas crianças, interessadas nos prêmios. Esse aumento da ingestão de alimentos pouco saudáveis pode acarretar o surgimento precoce de doenças como a obesidade.
Em segundo lugar, observa-se que a publicidade infantil é um estímulo ao consumismo desde a mais tenra idade. O consumo de brinquedos e aparelhos eletrônicos modifica os hábitos comportamentais de muitas crianças que, para conseguir acompanhar as novas brincadeiras dos colegas, pedem presentes cada vez mais caros aos pais. Quando esses não podem compra-los, as crianças podem ser vítimas de piadas maldosas por parte dos outros, podendo também ser excluídas de determinados círculos de amizade, o que prejudica o desenvolvimento emocional e psicológico dela.
Em decorrência disso, cabe ao Governo Federal e ao terceiro setor a tarefa de reverter esse quadro. O terceiro setor – composto por associações que buscam se organizar para conseguir melhorias na sociedade – deve conscientizar, por meio de palestras e grupos de discussão, os pais e os familiares das crianças para que discutam com elas a respeito do consumismo e dos males disso. Por fim, o Estado deve regular os conteúdos veiculados nas campanhas publicitárias, para que essas não tentem convencer pessoas que ainda não têm o senso crítico desenvolvido. Além disso, ele deve multar as empresas publicitárias que não respeitarem suas determinações. Com esses atos, a publicidade infantil deixará de ser tão prejudicial e as crianças brasileiras poderão crescer e se desenvolver de forma mais saudável.""",Publicidade infantil em questão no Brasil,"[200, 200, 200, 200, 200, 1000]","[160, 180, 140, 120, 160, 760]","response:
GenerateContentResponse(
    done=True,
    iterator=None,
    result=protos.GenerateContentResponse({
      ""candidates"": [
        {
          ""content"": {
            ""parts"": [
              {
                ""text"": ""[160, 180, 140, 120, 160, 760]\n\n""
              }
            ],
            ""role"": ""model""
          },
          ""finish_reason"": ""STOP"",
          ""avg_logprobs"": -0.011227492363222184
        }
      ],
      ""usage_metadata"": {
        ""prompt_token_count"": 154338,
        ""candidates_token_count"": 31,
        ""total_token_count"": 154369
      }
    }),
)"
81,"""“De acordo com o filósofo Platão, a associação entre saúde física e mental seria imprescindível para a manutenção da integridade humana. Nesse contexto, elucida-se a necessidade de maior atenção ao aspecto psicológico, o qual, além de estar suscetível a doenças, também é alvo de estigmatização na sociedade brasileira. Tal discriminação é configurada a partir da carência informacional concatenada à idealização da vida nas redes sociais, o que gera a falta de suporte aos necessitados. Isso mostra que esse revés deve ser solucionado urgentemente.
Sob essa análise, é necessário salientar que fatores relevantes são combinados na estruturação dessa problemática. Dentre eles, destaca-se a ausência de informações precisas e contundentes a respeito das doenças mentais, as quais, muitas vezes, são tratadas com descaso e desrespeito. Essa falta de subsídio informacional é grave, visto que impede que uma grande parcela da população brasileira conheça a seriedade das patologias psicológicas, sendo capaz de comprometer a realização de tratamentos adequados, a redução do sofrimento do paciente e a sua capacidade de recuperação. Somada a isso, a veiculação virtual de uma vida idealizada também contribui para a construção dessa caótica conjuntura, pois é responsável pela crença equivocada de que a existência humana pode ser perfeita, isto é, livre de obstáculos e transtornos. Esse entendimento falho da realidade faz com que os indivíduos que não se encaixem nos padrões difundidos, em especial no que concerne à saúde mental, sejam vítimas de preconceito e exclusão. Evidencia-se, então, que a carência de conhecimento associada à irrealidade digitalmente disseminada arquitetam esse lastimável panorama.
Consequentemente, tais motivadores geram incontestáveis e sérios efeitos na vida dos indivíduos que sofrem de algum gênero de doença mental. Tendo isso em vista, o acolhimento insuficiente e a falta de tratamento são preocupantes, uma vez que os acometidos necessitam de compreensão, respeito e apoio para disporem de mais energia e motivação no enfrentamento dessa situação, além de acompanhamento médico e psicológico também ser essencial para que a pessoa entenda seus sentimentos e organize suas estruturas psicológicas de uma forma mais salutar e emancipadora. O filme “Toc toc” retrata precisamente o processo de cura de um grupo de amigos que são diagnosticados com transtornos de ordem psicológica, revelando que o carinho fraternal e o entendimento mútuo são ferramentas fundamentais no desenvolvimento integral da saúde. Mostra-se, assim, que a estigmatização de doentes mentais produz a escassez de elementos primordiais para que eles possam ser tratados e curados.
Urge, portanto, que o Ministério da Saúde crie uma plataforma, por meio de recursos digitais, que contenha informações a respeito das doenças mentais e que proponha comportamentos e atitudes adequadas a serem adotados durante uma interação com uma pessoa que esteja com alguma patologia do gênero, além de divulgar os sinais mais frequentes relacionados à ausência de saúde psicológica. Essa medida promoverá uma maior rede informacional e propiciará um maior apoio aos necessitados. Ademais, também cabe à sociedade e à mídia elaborar campanhas que preguem a contrariedade ao preconceito no que tange aos doentes dessa natureza, o que pode ser efetivado através de mobilizações em redes sociais e por intermédio de programas televisivos com viés informativo. Tal iniciativa é capaz de engajar a população brasileira no combate a esse tipo de discriminação. Com isso, a ideia platônica será convertida em realidade no Brasil.""",O estigma associado às doenças mentais na sociedade brasileira,"[200, 200, 200, 200, 200, 1000]","[160, 180, 140, 120, 160, 760]","response:
GenerateContentResponse(
    done=True,
    iterator=None,
    result=protos.GenerateContentResponse({
      ""candidates"": [
        {
          ""content"": {
            ""parts"": [
              {
                ""text"": ""[160, 180, 140, 120, 160, 760]\n\n\n\n""
              }
            ],
            ""role"": ""model""
          },
          ""finish_reason"": ""STOP"",
          ""avg_logprobs"": -0.017546869093371976
        }
      ],
      ""usage_metadata"": {
        ""prompt_token_count"": 155236,
        ""candidates_token_count"": 31,
        ""total_token_count"": 155267
      }
    }),
)"
55,"""Com o advento da Revolução Técnico-Científico-Informacional, o cinema se desenvolveu amplamente – sobretudo por conta do aditamento dos investimentos nessa área. Nesse sentido, o acesso a esse tipo de arte é de notória importância, pois propicia uma série de benefícios, como o desenvolvimento cognitivo do indivíduo e a percepção crítica da sociedade. Não obstante, no Brasil, falhas quanto à democratização do acesso ao cinema – por conta da inadimplência governamental e da ausência de importância dada pela sociedade – atenuam sua funcionalidade. Portanto, são necessárias medidas capazes de garantir esses benefícios.
Sob essa óptica, o filósofo austríaco Sigmund Freud – em sua teoria desenvolvimentista – tratou da influência do meio na formação cognitiva do indivíduo. Acerca dessa lógica, a exposição à arte cinematográfica é capaz de desenvolver o raciocínio e de atuar positivamente no subconsciente humano. Contudo, a insuficiência das políticas públicas de incentivo ao cinema restringem o acesso a esse meio, o que atenua a ação desenvolvimentista deste. A título de exemplo, o Brasil – segundo a ANCINE – é um país que possui elevados índices de segregação quanto ao acesso ao universo cinematográfico. Destarte, é necessário maior protagonismo por parte dos governantes.
Outrossim, Charlie Chaplin – célebre ator e diretor britânico – reiterou a importância do cinema na configuração de uma perspectiva crítica da sociedade. Nesse viés, o cinema é capaz de gerar o debate acerca de problemas do cotidiano, que, por muitas vezes, são aceitos indevidamente e, ao analisar os temas abordados, é capaz de promover notórias melhorias no âmbito social. Todavia, grande parte da sociedade não valoriza as obras cinematográficas, por enxergá-las, tão somente, como uma forma de entretenimento. Faz-se premente, pois, campanhas informativas capazes de descaracterizar essa errônea visão.
Dessarte, os governantes, por meio da diminuição do custo de acesso aos cinemas – possibilitada por parcerias público-privadas – devem acessibilizar o acesso a essa forma de cultura, com o fito de propiciar o desenvolvimento cognitivo da população. Ademais, as escolas e as universidades, mediante palestras e debates, devem informar a população a respeito da importância do cinema, com o objetivo de configurar um comportamento crítico quanto às falhas da sociedade. Dessa forma, será possível dissociar a atual conjuntura, aproximando-se dos ideais de Freud e Charlie Chaplin.""",Democratização do acesso ao cinema no Brasil,"[200, 200, 200, 200, 200, 1000]","[140, 160, 120, 100, 140, 660]","response:
GenerateContentResponse(
    done=True,
    iterator=None,
    result=protos.GenerateContentResponse({
      ""candidates"": [
        {
          ""content"": {
            ""parts"": [
              {
                ""text"": ""[140, 160, 120, 100, 140, 660]\n\n""
              }
            ],
            ""role"": ""model""
          },
          ""finish_reason"": ""STOP"",
          ""avg_logprobs"": -0.01065787096177378
        }
      ],
      ""usage_metadata"": {
        ""prompt_token_count"": 155898,
        ""candidates_token_count"": 31,
        ""total_token_count"": 155929
      }
    }),
)"
252,"O livro “Quarto de Despejo: diário de uma favelada”, escrito por Carolina Maria de Jesus na década de 1950, narra as vivências da autora na favela do Canindé e suas dificuldades para obter sozinha o sustento de seus três filhos. De maneira análoga, cerca de setenta anos após a publicação do diário, a realidade enfrentada por Carolina permanece no Brasil contemporâneo, visto que o trabalho de cuidado realizado por mulheres, apesar de extremamente importante para a sociedade nacional, continua invisibilizado. Diante disso, cabe refletir acerca do legado histórico patriarcal e da intensificação das desigualdades para compreender os desafios que impedem a valorização do serviço feminino de assistência.
Nesse contexto, é válido considerar a existência de permanências históricas como o principal fator causador da invisibilidade do trabalho de cuidado exercido por mulheres. Isso ocorre, pois, desde os primórdios do Brasil Colônia, a população feminina tem recebido o status de sexo frágil e, por supostamente não possuírem aptidões para o sustento, tornaram-se encarregadas apenas das tarefas domésticas. Sob essa ótica, é nítido que, duzentos anos depois da superação da condição de colônia, as raízes patriarcais continuam sendo refletidas nas relações modernas brasileiras, uma vez que as mulheres permanecem responsáveis por serviços não remunerados associados à maternidade e à existência de idosos da família, o que resulta na manutenção de estereótipos de gênero e na redução do tempo disponível para a inserção feminina no mercado de trabalho, posto que os trabalhos assistencialistas são - geralmente - exercidos de forma integral. Assim, torna-se evidente que o legado histórico desvaloriza o papel da mulher no cuidado familiar, além de corroborar seu estado de vulnerabilidade devido à falta de remuneração e à dependência financeira de seus maridos.
Ademais, é relevante considerar a ampliação de disparidades sociais como uma consequência direta da problemática do cuidado invisibilizado. De acordo com o escritor brasileiro Ariano Suassuna, o Brasil é uma nação dividida em dois fragmentos: o país dos privilegiados e o país dos despossuídos, sendo a estrutura nacional criada para suprir apenas as necessidades dos primeiros. A partir disso, percebe-se que, em famílias cuja renda não é suficiente para contratar profissionais especializados na assistência de diversos setores sociais, tal tarefa recai sobre as mulheres que compõe o âmbito familiar, o que os condiciona a permanecer na miséria por impossibilitar seu acesso a meios de mudança de vida, como a educação e o emprego remunerado. Logo, é notório que a desvalorização do trabalho de cuidado reforça o pensamento de Suassuna, intensificando a marginalização feminina e a separação dos privilegiados e dos despossuídos.
Portanto, tornam-se claros os desafios enfrentados pela invisibilidade dos serviços de cuidado e a necessidade de combatê-los. Dessa maneira, é imperativo que o Governo Federal atue na criação de subsídios destinados a mulheres que exercem o trabalho assistencialista em tempo integral. Isso deve ocorrer por meio de alteração na Lei de Diretrizes Orçamentárias - redirecionando verbas de forma igualitária para famílias vulneráveis em todo o país -, a fim de reduzir as disparidades sociais e, consequentemente, superar o legado histórico patriarcal que atingiu Carolina Maria de Jess e outros expoentes da população feminina brasileira.",Desafios para o enfrentamento da invisibilidade do trabalho de cuidado realizado pela mulher no Brasil,"[200, 200, 200, 200, 200, 1000]","[160, 180, 140, 120, 140, 740]","response:
GenerateContentResponse(
    done=True,
    iterator=None,
    result=protos.GenerateContentResponse({
      ""candidates"": [
        {
          ""content"": {
            ""parts"": [
              {
                ""text"": ""[160, 180, 140, 120, 140, 740]\n\n\n\n""
              }
            ],
            ""role"": ""model""
          },
          ""finish_reason"": ""STOP"",
          ""avg_logprobs"": -0.007170780531821712
        }
      ],
      ""usage_metadata"": {
        ""prompt_token_count"": 156766,
        ""candidates_token_count"": 31,
        ""total_token_count"": 156797
      }
    }),
)"
24,"""No livro Admirável Mundo Novo do escritor inglês Aldous Huxley é retratada uma realidade distópica na qual o corpo social padroniza-se pelo controle de informações e traços comportamentais. Tal obra fictícia, em primeira análise, diverge substancialmente da realidade contemporânea, uma vez que valores democráticos imperam. No entanto, com o influente papel atribuído à internet, configurou-se uma liberdade paradoxal tangente à regulamentação de dados. Assim, faz-se profícuo observar a parcialidade informacional e o consumo exacerbado como pilares fundamentais da problemática.
Em primeiro plano, a estruturação do meio cibernético fomenta a conjuntura regida pela denominada denominada pós-verdade, traduzida na sobreposição do conhecimento fundamentado por conotações subjetivas de teor apelativo. Nesse contexto, como os algoritmos das ferramentas de busca fornecem fontes correspondentes às preferências de cada usuário, cria-se uma assimilação unilateral, contendo exclusivamente aquilo que promove segurança emocional ao indivíduo e favorece a reprodução automatizada de pensamentos. Desse modo, com base nas premissas analíticas do escritor francês Guy Debord, pelo fato de o meio digital ser mediatizado por imagens, o sujeito é manipulado de forma alienante, mitigando do seu senso crítico e capacidade de compreender a pluralidade de opiniões.
Outrossim, a detenção de dados utilizada para a seleção de anúncios fomenta o fenômeno do consumismo. Sob esse viés, posto que a sociedade vigente é movida pelo desempenho laboral e pela autoexploração, como preconizou o filósofo sul-coreano Byung Chul-Han, o consumo apresenta-se como forma de aliviar as inquietações resultantes desse quadro e alternativa para uma felicidade imediata. Então, na medida em que os artigos publicitários exibidos na internet são direcionados individualmente, o estímulo à compra denota-se ainda mais magnificado, funcionando como fator adicional à busca por alívio paralelamente à construção de hábitos desequilibrados e prejudiciais.""",Manipulação do comportamento do usuário pelo controle de dados na internet,"[200, 200, 200, 200, 200, 1000]","[140, 160, 120, 80, 120, 620]","response:
GenerateContentResponse(
    done=True,
    iterator=None,
    result=protos.GenerateContentResponse({
      ""candidates"": [
        {
          ""content"": {
            ""parts"": [
              {
                ""text"": ""[140, 160, 120, 80, 120, 620]\n\n\n\n""
              }
            ],
            ""role"": ""model""
          },
          ""finish_reason"": ""STOP"",
          ""avg_logprobs"": -0.010803967714309692
        }
      ],
      ""usage_metadata"": {
        ""prompt_token_count"": 157325,
        ""candidates_token_count"": 30,
        ""total_token_count"": 157355
      }
    }),
)"
94,"""No célebre texto “As Cidadanias Mutiladas”, o geógrafo brasileiro Milton Santos afirma que a democracia só é efetiva à medida que atinge a totalidade do corpo social, isto é, quando os direitos são desfrutados por todos os cidadãos. Todavia, no contexto hodierno, a invisibilidade intrínseca à falta de documentação pessoal distancia OS brasileiros dos direitos constitucionalmente garantidos. Nesse cenário, a garantia de acesso à cidadania no Brasil tem como estorvos a burocratização do processo de retirada do registro civil, bem como a indiferença da sociedade diante dessa problemática.
Nessa perspectiva, é importante analisar que as dificuldades relativas à retirada de documentos pessoais comprometem o acesso à cidadania no Brasil. Nesse sentido, ainda que a gratuidade do registro de nascimento seja assegurada pela lei de número 9.534 da Carta Magna, os problemas associados à documentação civil ultrapassam a esfera financeira, haja vista que a demanda por registros civis é incompatível com a disponibilidade de vagas ofertadas pelos órgãos responsáveis, o que torna o processo lento e burocrático. Sob tal óptica, a realidade brasileira pode ser sintetizada pelo pensamento do sociólogo francês Pierre Bourdieu, o qual afirma que a ""violência simbólica"" se expressa quando uma determinada parcela da população não usufrui dos mesmos direitos, fato semelhante à falta de acesso à cidadania relacionada aos imbróglios da retirada de documentos de identificação no País.
Outrossim, é válido destacar a ausência de engajamento social como fator que corrobora a invisibilidade intrínseca à falta de documentação. Fica claro, pois, que a indiferença da sociedade diante da importância de assegurar o acesso aos registros civis para todos os indivíduos silencia a temática na conjuntura social, o que compromete a cidadania de muitos brasileiros, haja vista que a posse de documentos pessoais se faz obrigatória para acessar os benefícios sociais oferecidos pelo Estado. Sob esse viés, é lícito referenciar o pensamento do professor israelense Yuval Harari, o qual, na obra “21 Lições para o Século XXI”, afirma que grande parte dos indivíduos não é capaz de perceber os reais problemas do mundo, o que favorece a adoção de uma postura passiva e apática.
Torna-se imperativo, portanto, que cabe ao Ministério da Cidadania, como importante autoridade na garantia dos direitos dos cidadãos brasileiros, facilitar o processo de retirada de documentos pessoais no Brasil. Tal medida deve ser realizada a partir do aumento de vagas ofertadas diariamente nos principais centros responsáveis pelos registros civis, além do estabelecimento de um maior número de funcionários, a fim de tornar o procedimento mais dinâmico e acessível, bem como garantir o acesso à cidadania aos brasileiros. Ademais, fica a cargo do Ministério das Comunicações estimular o engajamento social por meio de propagandas televisivas e nas redes sociais, com o fito de dar visibilidade à temática e assim assegurar os direitos cidadãos.""",Invisibilidade e registro civil: garantia de acesso à cidadania no Brasil,"[200, 200, 200, 200, 200, 1000]","[160, 180, 140, 120, 160, 760]","response:
GenerateContentResponse(
    done=True,
    iterator=None,
    result=protos.GenerateContentResponse({
      ""candidates"": [
        {
          ""content"": {
            ""parts"": [
              {
                ""text"": ""[160, 180, 140, 120, 160, 760]\n\n\n\n""
              }
            ],
            ""role"": ""model""
          },
          ""finish_reason"": ""STOP"",
          ""avg_logprobs"": -0.028230665191527334
        }
      ],
      ""usage_metadata"": {
        ""prompt_token_count"": 158083,
        ""candidates_token_count"": 31,
        ""total_token_count"": 158114
      }
    }),
)"
30,"""Ao longo do processo de formação da sociedade, o pensamento cinematográfico consolidou-se em diversas comunidades. No início do século XX, com os regimes totalitários, por exemplo, o cinema era utilizado como meio de dominação à adesão das massas ao governo. Embora o cinema tenha se popularizado, posteriormente, como entretenimento, nota-se, na contemporaneidade, a sua limitação social, em virtude do discurso elitizado que o compõe e da falta de acesso por parte da população. Essa visão negativa pode ser significativamente minimizada, desde que acompanhada da desconstrução coletiva, junto à redução do custo do ingresso para a maior acessibilidade.
Em primeira análise, é evidente que a herança ideológica da produção cinematográfica, como um recurso destinado às elites, conservou-se na coletividade e perpetuou a exclusão de classes inferiores. Nessa perspectiva, segundo Michel Foucault, filósofo francês, o poder articula-se em uma linguagem que cria mecanismos de controle e coerção, os quais aumentam a subordinação. Sob essa ótica, constata-se que o discurso hegemônico introduzido, na modernidade, moldou o comportamento do cidadão a acreditar que o cinema deve se restringir a determinada parcela da sociedade, o que enfraquece o princípio de que todos indivíduos têm o direito ao lazer e ao entretenimento. Desse modo, com a concepção instituída da produção cinematográfica como diversão das camadas altas, o cinema adquire o caráter elitista, o qual contribui com a exclusão do restante da população.
Além disso, uma comunidade que restringe o acesso ao cinema, por meio do custo de ingressos, representa um retrocesso para a coletividade que preza por igualdade. Nesse sentido, na teoria da percepção do estado da sociedade, de Émile Durkheim, sociólogo francês, abrangem-se duas divisões: ""normal e patológico"". Seguindo essa linha de pensamento, observa-se que um ambiente patológico, em crise, rompe com o seu desenvolvimento, visto que um sistema desigual não favorece o progresso coletivo. Dessa forma, com a disponibilidade de ir ao cinema mediada pelo preço - que não leva em consideração a renda regional –, a democratização torna-se inviável.
Depreende-se, portanto, a relevância da igualdade do acesso ao cinema no Brasil. Para que isso ocorra, é necessário que o Estado proporcione a redução coerente do custo de ingressos por região, junto à difusão da importância da produção cinematográfica no cotidiano, nos meios de comunicação, por meio de anúncios, a fim de colaborar com o acesso igualitário. Ademais, a instituição educacional deve proporcionar aos indivíduos uma educação voltada à democratização coletiva do cinema, como entretenimento destinado às elites, por intermédio de debates e palestras, na área das Ciências Humanas, como forma de esclarecimento populacional. Assim, haverá um ambiente estável que colabore com a acessibilidade geral ao cinema no país.""",Democratização do acesso ao cinema no Brasil,"[200, 200, 200, 200, 200, 1000]","[160, 180, 140, 120, 160, 760]","response:
GenerateContentResponse(
    done=True,
    iterator=None,
    result=protos.GenerateContentResponse({
      ""candidates"": [
        {
          ""content"": {
            ""parts"": [
              {
                ""text"": ""[160, 180, 140, 120, 160, 760]\n\n\n\n""
              }
            ],
            ""role"": ""model""
          },
          ""finish_reason"": ""STOP"",
          ""avg_logprobs"": -0.03486561006115329
        }
      ],
      ""usage_metadata"": {
        ""prompt_token_count"": 158840,
        ""candidates_token_count"": 31,
        ""total_token_count"": 158871
      }
    }),
)"
38,"""A terceira fase do Modernismo vigorou, no Brasil, durante o Período Liberal-Democrático, apresentando como uma de suas propostas artísticas a retratação das ""Sociedades Liminares” – tradicionalmente excluídas do projeto cultural brasileiro nas obras cinematográficas. Tal movimento, conhecido como ""Cinema Novo”, embora objetivasse a integração de povos historicamente invisibilizados, não obteve êxito na democratização do cinema no país, haja vista o não comparecimento daqueles aos cinemas da época. Esse panorama, ainda vigente na contemporaneidade, é atestado não só pelo crescente índice de pirataria nas artes visuais, como pela constante mobilização de ongs na exibição de filmes em ambientes desprovidos do acesso ao cinema.
Em primeira análise, constatam-se as amplas taxas de comercialização de filmes pirateados, sobretudo, nos centros urbanos. Essa problemática atenta, pois, para o descumprimento de um dos artigos da Declaração Universal dos Direitos Humanos, o qual trata dos direitos autorais de produções artísticas, gravemente feridos pela comercialização de filmes reproduzidos ilegalmente. Entretanto, tal cenário nada mais é do que um reflexo do acesso restrito a tais conteúdos, em razão dos altos preços cobrados pelas sessões de cinema, induzindo, assim, os indivíduos menos favorecidos a optarem pela pirataria menos onerosa e, portanto, mais adequada ao seu diminuto poder de compra.
Vale ressaltar, ainda, a realização, por instituições não governamentais, de projetos inclusivos que contam com sessões de filmes em ambientes comunitários não contemplados pelo acesso à tv ou à internet. Exemplo disso foi a transmissão do filme ""Cidade de Deus"" na comunidade onde ocorreram as filmagens, a fim de oferecer aos próprios atores a possibilidade de assistirem ao longa. Destarte, evidencia-se a negligência estatal na democratização do cinema, visto que os referidos projetos são iniciativa de instituições privadas – aspecto abordado por Axel Honneth, o qual afirma ser dever do Estado a garantia do acesso às manifestações culturais, fato não verificado no país.
Urge, pois, que medidas sejam tomadas com o intuito de se coibir o problema discorrido. Ao Governo Federal, caberia a ampliação de ambientes comunitários de exibição de filmes no país, a fim de se democratizar o acesso ao cinema. Para isso, deveria haver não só a redução do valor dos ingressos nos cinemas já existentes, mas também a expansão de instalações que transmitiriam filmes gratuitamente em locais afastados dos centros urbanos. Desse modo, em consonância a um dos Objetivos de Desenvolvimento Sustentável, propostos pela ONU para 2030, o Brasil mobilizar-se-ia quanto à redução das desigualdades, tarefa imprescindível na edificação de um Estado Democrático, de modo a romper com a marginalização das sociedades liminares, verificada desde os Anos Dourados.""",Democratização do acesso ao cinema no Brasil,"[200, 200, 200, 200, 200, 1000]","[160, 180, 140, 120, 160, 760]","response:
GenerateContentResponse(
    done=True,
    iterator=None,
    result=protos.GenerateContentResponse({
      ""candidates"": [
        {
          ""content"": {
            ""parts"": [
              {
                ""text"": ""[160, 180, 140, 120, 160, 760]\n\n\n\n\n""
              }
            ],
            ""role"": ""model""
          },
          ""finish_reason"": ""STOP"",
          ""avg_logprobs"": -0.07400628828233288
        }
      ],
      ""usage_metadata"": {
        ""prompt_token_count"": 159597,
        ""candidates_token_count"": 31,
        ""total_token_count"": 159628
      }
    }),
)"
175,"É inegável o fato de que, na sociedade brasileira contemporânea, a igualdade de gêneros é algo que existe apenas na teoria. Medidas como a criação da Lei Maria da Penha e da Delegacia da Mulher, apesar de auxiliarem na fiscalização contra a violência ao sexo feminino e na proteção das vítimas, são insuficientes e pouco eficazes, algo comprovado através da alta taxa de feminicídios ocorridos em nosso país, além dos enormes índices de relatos de vítimas de violência.
O aumento notório de crimes contra a mulher realizados na última década deve-se a inúmeros fatores. A completa burocracia presente nos processos de atendimento às vítimas de estupro, por exemplo, refuta mulheres que apresentam traumas e não recebem acompanhamento psicológico adequado, sendo orientadas a realizar o exame de corpo de delito, procedimento, por vezes, invasivo. Além disso, é comum que o relato da vítima tenha sua veracidade questionada, não recebendo a atenção necessária. Com o afastamento de possíveis denúncias, não há redução no número de assassinatos e de episódios violentos.
A cultura machista em que estamos inseridos dissemina valores como a culpabilização da vitima: muitas vezes, a mulher se cala porque pensa que é a culpada pela violência que sofre. Acredita-se, também, que apenas a violência física e sexual deve ser denunciada, ou que a opressão moral é algo comum. A passividade diante de tais situações cede espaço para o crescimento de comportamentos violentos dentro da sociedade.
Tendo em vista as causas dos altos índices de violência contra a mulher no Brasil, é necessário que haja intervenção governamental para aprimorar os órgãos de defesa contra tais crimes, de modo a tornar o atendimento mais rápido e atencioso. O mais importante, no entanto, é atingir a origem do problema e instituir em escolas aulas obrigatórias sobre igualdade de gênero, apresentando de forma mais simples conceitos desenvolvidos, por exemplo, por Simone de Beauvoir, de modo a desconstruir desde cedo ideias preconceituosas que são potenciais estimulantes para futuros comportamentos violentos.",A Persistência da Violência contra a Mulher na Sociedade Brasileira,"[200, 200, 200, 200, 200, 1000]","[160, 180, 140, 120, 140, 740]","response:
GenerateContentResponse(
    done=True,
    iterator=None,
    result=protos.GenerateContentResponse({
      ""candidates"": [
        {
          ""content"": {
            ""parts"": [
              {
                ""text"": ""[160, 180, 140, 120, 140, 740]\n\n\n\n""
              }
            ],
            ""role"": ""model""
          },
          ""finish_reason"": ""STOP"",
          ""avg_logprobs"": -0.021259107897358555
        }
      ],
      ""usage_metadata"": {
        ""prompt_token_count"": 160172,
        ""candidates_token_count"": 31,
        ""total_token_count"": 160203
      }
    }),
)"
82,"""Em primeira análise, vale salientar que a negligência estatal influencia consideravelmente no combate às doenças mentais. Sob esse viés, o filósofo iluminista John Locke desenvolveu o conceito de Contrato Social, em que o Estado seria responsável pelo bem-estar coletivo. Entretanto, a máquina administrativa rompe a tese de Locke, uma vez que não proporciona o investimento em programas que tencionem os tratamentos necessários às pessoas que possuem doenças mentais. Nessa lógica, ainda que o artigo 196 da Constituição Federal assegure a saúde e o acesso aos serviços e ações que a promovam, o Poder Público inoperante não proporciona o pleno desenvolvimento dos cidadãos acometidos por essas enfermidades pela escassez de aplicações financeiras nos projetos, acentuando o impasse, que precisa ser mitigado. Em segunda análise, cabe ressaltar que a ausência de participação escolar em desconstruir os paradigmas relacionados às doenças mentais constitui um agravamento desses entraves. Embora a Lei de Diretrizes e Bases da Educação Nacional assevere um ensino pautado na tolerância e valorize as relações além das salas de aula, nota-se que essa prerrogativa não é devidamente praticada nas instituições de ensino. Nessa perspectiva, a carência de uma aprendizagem direcionada à diminuição de estigmas associados às doenças psiquiátricas intensifica o problema no corpo social. Prova disso, cita-se a exiguidade de planos pedagógicos, feiras instrutivas e mesas-redondas nas escolas que visem a amenização do preconceito às doenças mentais. Logo, uma intervenção torna-se substancial para conter os desafios do quadro hodierno. Portanto, é fundamental a atenuação do estigma associado aos transtornos psíquicos. Nesse sentido, o Ministério da Saúde deve realizar aplicações financeiras nos programas de tratamento das doenças mentais, por meio da elaboração, votação e sanção de uma Lei de Diretrizes Orçamentárias (LDO) que destine o montante básico aos projetos, periodicamente, para se certificar do investimento neles. Ademais, compete ao MEC -no exercício de seu papel constitucional- viabilizar o comprometimento das escolas com o intuito de desconstruir os paradigmas sociais acerca das doenças psiquiátricas, mediante debates ao longo do ano letivo, sequências didáticas e discussões temáticas entre alunos e o corpo docente. Dessa forma, a sociedade brasileira pode desfrutar do respeito e do bem-estar social, previsto na Declaração Universal dos Direitos Humanos."" ",O estigma associado às doenças mentais na sociedade brasileira,"[200, 200, 200, 200, 200, 1000]","[160, 180, 140, 120, 160, 760]","response:
GenerateContentResponse(
    done=True,
    iterator=None,
    result=protos.GenerateContentResponse({
      ""candidates"": [
        {
          ""content"": {
            ""parts"": [
              {
                ""text"": ""[160, 180, 140, 120, 160, 760]\n\n\n\n""
              }
            ],
            ""role"": ""model""
          },
          ""finish_reason"": ""STOP"",
          ""avg_logprobs"": -0.012318911090973885
        }
      ],
      ""usage_metadata"": {
        ""prompt_token_count"": 160839,
        ""candidates_token_count"": 31,
        ""total_token_count"": 160870
      }
    }),
)"
176,"O feminismo é o movimento que luta pela igualdade social, política e econômica dos gêneros. Hodiernamente, muitas conquistas em prol da garantia dessas igualdades já foram alcançadas – a exemplo do direito ao voto para as mulheres, adquirido no Governo Vargas. Entretanto, essas conquistas não foram suficientes para eliminar o preconceito e a violência existentes na sociedade brasileira.
De acordo com o site “Mapa da Violência”, nas últimas três décadas houve um aumento de mais de 200% nos índices de feminicídio no país. Esse dado evidencia a baixa eficiência dos mecanismos de auxílio à mulher, tais como a Secretaria de Políticas para as mulheres e a Lei Maria da Penha. A existência desses mecanismos é de suma importância, mas suas ações não estão sendo satisfatórias para melhorar os índices alarmantes de agressões contra o, erroneamente chamado, “sexo frágil.”
Mas, apesar de ser o principal tipo, não é só agressão física a responsável pelas violências contra a mulher. Devido ao caráter machista e patriarcal da sociedade brasileira, o preconceito começa ainda na juventude, com o tratamento desigual dado a filhos e filhas – comumente nota-se uma maior restrição para o sexo feminino. Além disso, há a violência moral, ainda muito frequente no mercado de trabalho. Pesquisas comprovam que, no Brasil, o salário dado a homens e mulheres é diferente, mesmo com ambos exercendo a mesma função. Ademais, empresas preferem contratar funcionários do sexo masculino para não se preocuparem com uma possível licença maternidade.
É evidente, portanto, que ainda há entraves para garantir a segurança da mulher brasileira. Desse modo, o Estado deve, mediante a ampliação da atuação dos órgãos competentes, assegurar o atendimento adequado às vítimas e a punição correta aos agressores. Além disso, cabe às empresas a garantia de igualdade no espaço laboral, pagando um salário justo e admitindo funcionários pela sua qualificação, livre de preconceitos. Por fim, é dever da sociedade o respeito ao sexo feminino, tratando igualmente homem e mulher. Assim, alcançar-se-á uma sociedade igualitária e de harmonia para ambos os gêneros.",A Persistência da Violência contra a Mulher na Sociedade Brasileira,"[200, 200, 200, 200, 200, 1000]","[160, 140, 150, 170, 150, 770]","response:
GenerateContentResponse(
    done=True,
    iterator=None,
    result=protos.GenerateContentResponse({
      ""candidates"": [
        {
          ""content"": {
            ""parts"": [
              {
                ""text"": ""[160, 140, 150, 170, 150, 770]\n""
              }
            ],
            ""role"": ""model""
          },
          ""finish_reason"": ""STOP"",
          ""avg_logprobs"": -0.04784294866746472
        }
      ],
      ""usage_metadata"": {
        ""prompt_token_count"": 562,
        ""candidates_token_count"": 31,
        ""total_token_count"": 593
      }
    }),
)"
23,"""As primeiras duas décadas do século XXI, no Brasil e no mundo globalizado, foram marcadas por consideráveis avanços científicos, dentre os quais destacam-se as tecnologias de informação e comunicação (TICs). Nesse sentido, tal panorama promoveu a ampliação do acesso ao conhecimento, por intermédio das redes sociais e mídias virtuais. Em contrapartida, nota-se que essa realidade impôs novos desafios às sociedades contemporâneas, como a possibilidade de manipulação comportamental via dados digitais. Desse modo, torna-se premente analisar os principais impactos dessa problemática: a perda da autonomia de pensamento e a sabotagem dos processos políticos democráticos.
Em primeira análise, é lícito postular que a informação é um bem de valor social, o qual é responsável por modular a cosmovisão antropológica pessoal e influenciar os processos de decisão humana. Nesse raciocínio, as notícias e acontecimentos que chegam a um indivíduo exercem forte poder sobre tal, estimulando ou suprimindo sentimentos como empatia, medo e insegurança. É factual, portanto, que a capacidade de selecionar - via algoritmos - as reportagens e artigos que serão vistos por determinado público constitui ameaça à liberdade de pensamento crítico. Evidenciando o supracitado, há o livro "" Rápido e devagar: duas formas de pensar"", do especialista comportamental Daniel Khaneman, no qual esse expõe e comprova - por meio de décadas de experimentos socioculturais a incisiva influência dos meios de comunicação no julgamento humano. Torna-se clara, por dedução analítica, a potencial relação negativa entre a manipulação digital por dados e a autonomia psicológica e racional da população.
Ademais, é preciso compreender tal fenômeno patológico como um atentado às instituições democráticas. Isso porque a perspectiva de mundo dos indivíduos coordena suas escolhas em eleições e plebiscitos públicos. Dessa maneira, o povo tende a agir segundo o conceito de menoridade, do filósofo iluminista Immanuel Kant, no qual as decisões pessoais são tomadas pelo intelecto e influência de outro. Evidencia-se, assim, que o domínio da seletividade de informações nas redes sociais, como Facebook e Twitter, pode representar uma sabotagem ao Estado Democrático.
Em suma, a manipulação comportamental pelo uso de dados é um complexo desafio hodierno e precisa ser combatida. Dessarte, as instituições escolares - responsáveis por estimular o pensamento crítico na população devem buscar fortalecer a capacidade de julgamento e posicionamento racional nos jovens. Isso pode ser feito por meio de palestras, aulas e distribuição de materiais didáticos sobre a filosofia criticista e sociologia, visando aprimorar o raciocínio autônomo livre de influências. Em paralelo, as grandes redes sociais, interessadas na plenitude de seus usuários, precisam restringir o uso indevido de dados privilegiados. Tal ação é viável por intermédio da restrição do acesso, por parte de entidades políticas, aos algoritmos e informações privadas de preferências pessoais, objetivando proteger a privacidade do indivíduo e o exercício da democracia plena. Desse modo, atenuar-se-á, em médio e longo prazo, o impacto nocivo do controle comportamental moderno, e a sociedade alcançará o estágio da maioridade Kantiana.""",Manipulação do comportamento do usuário pelo controle de dados na internet,"[200, 200, 200, 200, 200, 1000]","[170, 155, 165, 180, 160, 830]","response:
GenerateContentResponse(
    done=True,
    iterator=None,
    result=protos.GenerateContentResponse({
      ""candidates"": [
        {
          ""content"": {
            ""parts"": [
              {
                ""text"": ""[170, 155, 165, 180, 160, 830]\n""
              }
            ],
            ""role"": ""model""
          },
          ""finish_reason"": ""STOP"",
          ""avg_logprobs"": -0.03874914876876339
        }
      ],
      ""usage_metadata"": {
        ""prompt_token_count"": 1371,
        ""candidates_token_count"": 31,
        ""total_token_count"": 1402
      }
    }),
)"
91,"""O conceito ""Cidadanias Mutiladas"", do geógrafo brasileiro Milton Santos, explicita que a democracia só é efetiva quando atinge a totalidade do corpo social. A partir dessa perspectiva, é possível observar que a realidade contemporânea brasileira se distancia desse ideal democrático, visto que inúmeros indivíduos ainda permanecem em uma situação de invisibilidade acarretada pela ausência do registro civil- o qual atua como uma ferramenta de garantia de acesso à cidadania no país. Desse modo, é essencial analisar os principais propulsores desse contexto hostil: o descaso governamental e a falha educacional.
Sob esse viés analítico, é importante destacar, a princípio, que a inoperância estatal é um fator preponderante para a ocorrência dessa problemática. Esse cenário decorre do fato de que, assim como pontuou o economista norte-americano Murray Rothbard, uma parcela dos representantes governamentais, ao se orientar por um viés individualista e visar um retorno imediato de capital político, negligencia a conservação de direitos sociais indispensáveis, como a garantia de registro civil. Em decorrência dessa indiligência do poder público, cria-se um ambiente propício para a precarização infraestrutural de locais especializados no aporte de documentação pessoal- materializada na carência de cartórios, sobretudo, em regiões mais afastadas dos centros urbanos. Logo, é notório que a omissão do Estado perpetua o deficitário acesso à cidadania.
Além disso, é válido ressaltar que a lacuna no sistema de educação potencializa essa conjuntura. Isso acontece porque, desde o século XX, com a implementação de um formato tradicionalista de ensino pelo ex-presidente Vargas, cristalizou-se um modelo educacional que negligencia o aprendizado de temas transversais, a exemplo de concepções básicas acerca da cidadania. Nessa perspectiva, com o desconhecimento de parte da população- oriundo da escassez instrucional- sobre a relevância da garantia de direitos, há uma invisibilização da situação sofrida por pessoas que não possuem acesso aos documentos basilares, como a certidão de nascimento. Como consequência disso, mantém-se o quadro de ausência de ações sociais efetivas no que tange à reversão desse contexto, fragilizando, com isso, a isonomia presente nas relações democráticas. Dessa forma, é imprescindível combater a falha do processo educacional, visto que marginaliza uma classe da sociedade.
É evidente, portanto, a necessidade de medidas que solucionem os desafios impostos à garantia de acesso à cidadania no Brasil. Por isso, o Ministério Público- órgão responsável pela defesa dos interesses sociais- deve, por meio da fiscalização da aplicação dos poderes estatais, pressionar o Estado no que se refere ao aporte de infraestrutura ao setor que oferta o registro civil, a fim de que a retirada desse documento seja ampliada para as diversas regiões do país. Ademais, as instituições escolares públicas e privadas devem, por intermédio de palestras, instruir os alunos acerca da importância da documentação pessoal, com o objetivo de minimizar a invisibilização desse tema e, com isso, estimular atitudes combativas à conjuntura de indivíduos sem registro. Assim, o ideal do geógrafo Milton Santos será, de fato, uma realidade no país.""",Invisibilidade e registro civil: garantia de acesso à cidadania no Brasil,"[200, 200, 200, 200, 200, 1000]","[160, 145, 155, 175, 150, 785]","response:
GenerateContentResponse(
    done=True,
    iterator=None,
    result=protos.GenerateContentResponse({
      ""candidates"": [
        {
          ""content"": {
            ""parts"": [
              {
                ""text"": ""[160, 145, 155, 175, 150, 785]\n""
              }
            ],
            ""role"": ""model""
          },
          ""finish_reason"": ""STOP"",
          ""avg_logprobs"": -0.04389923234139719
        }
      ],
      ""usage_metadata"": {
        ""prompt_token_count"": 2196,
        ""candidates_token_count"": 31,
        ""total_token_count"": 2227
      }
    }),
)"
79," ""A série ""13 Reasons Why"", pertencente ao catálogo da Netflix, narra a história de Hanna Backer: vítima de ""bullying"" no colégio, a jovem, que não teve amparo nem da escola e nem do Estado, comete suicídio. Fora da ficção, especialmente no Brasil, país mais depressivo da América Latina, cenas como essa são comuns, cada vez mais, devido ao estigma atribuido às doenças mentais. Dessa forma, urge analisar as causas, as consequências e desenvolver estratégias concretas para reverter esse quadro.
Diante desse cenário, sabe-se que, no ambiente escolar, existe uma carência na abordagem básica - quais são, como se manifestam e o que fazer das doenças psicossomáticas. Isso porque a Base Nacional Comum Curricular não apresenta uma disciplina que aborde tal temática. Segundo Rubem Alves, importante educador brasileiro, as escolas podem ser comparadas a asas ou a gaiolas, ou seja, podem proporcionar voos ou condições de alienação. Nesse sentido, os colégios funcionam como gaiolas, pois permitem que os estudantes permaneçam desprovidos de informações pertinentes sobre as patologias mentais. Consequentemente, muitas pessoas passam a estereotipar e a discriminar quem precisa de ajuda e, assim, ao banalizar o sentimento e o sofrimento do outro, de modo a reduzir a “frescura”, essa estigmatização perversa dificulta - ainda mais a procura de ajuda profissional (psicólogos e psiquiatras), como aconteceu com a protagonista da série.
Além disso, nota-se que o Estado também contribui para a persistência do estigma em relação às doenças mentais, haja vista que não estimula o autoconhecimento e pouco investe na contratação de profissionais especializados. De acordo com o filósofo Friedrich Hegel, o Estado deve proteger os seus filhos. Entretanto, a prática deturpa a teoria, pois, apesar da existência do “Setembro Amarelo”, campanha que incentiva a valorização da vida, nos demais meses, pouco (ou nada) é feito para ensinar às pessoas que ninguém é perfeito, que todos temos limitações e a importância de saber procurar ajuda. O fator preocupante é que as Unidades Básicas de Saúde, muitas vezes, não possuem psicólogos e psiquiatras para ajudar a quem, porventura, precisar.
Portanto, o Ministério da Educação deve, com urgência, iniciar a abordagem das doenças mentais nas escolas, por meio de uma alteração na BNCC, a qual insira uma disciplina específica ou inclua, nos demais meses do ano, palestras e simpósios, ministrados por especialistas, a fim de reduzir os estigmas e, assim, estimular a promoção de autoconhecimento. Ademais, compete ao Ministério da Saúde ampliar os investimentos em saúde mental, a partir do aumento do salário dos psicólogos e dos psiquiatras das Unidades de Saúde. Dessa maneira, o Estado poderá proteger, de fato, os seus filhos e evitar finais trágicos, como o de Hanna Backer.""",O estigma associado às doenças mentais na sociedade brasileira,"[200, 200, 200, 200, 200, 1000]","[170, 150, 160, 175, 165, 820]","response:
GenerateContentResponse(
    done=True,
    iterator=None,
    result=protos.GenerateContentResponse({
      ""candidates"": [
        {
          ""content"": {
            ""parts"": [
              {
                ""text"": ""[170, 150, 160, 175, 165, 820]\n""
              }
            ],
            ""role"": ""model""
          },
          ""finish_reason"": ""STOP"",
          ""avg_logprobs"": -0.009291396987053656
        }
      ],
      ""usage_metadata"": {
        ""prompt_token_count"": 2965,
        ""candidates_token_count"": 31,
        ""total_token_count"": 2996
      }
    }),
)"
11,"""O Marco Civil da Internet, lei aprovada em 2014, assegura aos cidadãos brasileiros direitos e deveres referentes ao uso dos espaços virtuais na contemporaneidade. Embora seja uma importante conquista por reiterar a liberdade de expressão e o direito à privacidade, essa legislação está ameaçada pela manipulação do comportamento dos usuários pelo controle de dados na internet, prática que favorece os interesses de grupos empresariais e políticos. Nesse cenário, a falsa liberdade de escolha ea padronização dos pensamentos emergem como empecilhos para a manutenção de uma sociedade dialógica e igualitária.
Em primeiro plano, torna-se evidente que a massificação de um padrão cultural restringe progressivamente o espaço da individualidade, do inovador e do diferente, limitando e padronizando as opções subjetivas individuais. Com efeito, o filósofo T. Adorno identificou a ascensão da indústria cultural, que busca transformar elementos da cultura erudita para padronizá-los e, assim, estabelecer uma relação de dependência entre produtor e receptor que exclui as particularidades de um contexto multilateral. Em decorrência disso, o mundo globalizado reforça, por meio de propagandas direcionadas de acordo com OS dados pessoais de cada usuário, uma cultura ideologicamente predominante, minimizando o apoio a qualquer tipo de movimento contracultural.
Nesse mesmo viés, soma-se à padronização cultural a dominação ideológica, que condiciona o pensamento dos cidadãos inseridos no mundo virtual aos objetivos de agentes detentores do poder, os quais podem decidir sobre conteúdos que devem ou não ser veiculados nas redes sociais. Tal reificação do usuário, tratado como um banco de dados a ser manipulado, amplia o que o sociólogo Pierre Bourdieu definiu como violência simbólica: uma engrenagem conservadora, hodiernamente representada, também, pela internet, responsável por manter o prestígio e a soberania das classes dominantes em detrimento do respeito aos direitos dos oprimidos.
Diante desse panorama, antes que a internet seja transformada em instrumento de manipulação, é preciso intervir. Logo, cabe ao Ministério da Educação abordar a importância dos múltiplos pontos de vista na esfera virtual, mediante palestras, projetos e debates, a fim de mitigar a homogeneização das manifestações individuais, uma vez que o convívio social implica diálogo e consenso. Além disso, faz-se necessário que o Estado amplie a fiscalização do uso de informações pessoais por corporações políticas e empresariais, por intermédio da criação de órgãos de denúncia online, os quais inserirão os usuários nesse processo, com a finalidade de controlar o domínio elitista sobre os limites e possibilidades do indivíduo. Desse modo, Ο Brasil poderá vivenciar aquilo que o Marco Civil determinou: igualdade e segurança no paralelo universo virtual, indissociável da realidade do século ΧΧΙ.""",Manipulação do comportamento do usuário pelo controle de dados na internet,"[200, 200, 200, 200, 200, 1000]","[175, 160, 170, 180, 165, 850]","response:
GenerateContentResponse(
    done=True,
    iterator=None,
    result=protos.GenerateContentResponse({
      ""candidates"": [
        {
          ""content"": {
            ""parts"": [
              {
                ""text"": ""[175, 160, 170, 180, 165, 850]\n""
              }
            ],
            ""role"": ""model""
          },
          ""finish_reason"": ""STOP"",
          ""avg_logprobs"": -0.030342736551838535
        }
      ],
      ""usage_metadata"": {
        ""prompt_token_count"": 3704,
        ""candidates_token_count"": 31,
        ""total_token_count"": 3735
      }
    }),
)"
179,"Historicamente, o papel feminino nas sociedades ocidentais foi subjugado aos interesses masculinos e tal paradigma só começou a ser contestado em meados do século XX, tendo a francesa Simone de Beauvoir como expoente. Conquanto tenham sido obtidos avanços no que se refere aos direitos civis, a violência contra a mulher é uma problemática persistente no Brasil, uma vez que ela se dá- na maioria das vezes- no ambiente doméstico. Essa situação dificulta as denúncias contra os agressores, pois muitas mulheres temem expor questões que acreditam ser de ordem particular.
Com efeito, ao longo das últimas décadas, a participação feminina ganhou destaque nas representações políticas e no mercado de trabalho. As relações na vida privada, contudo, ainda obedecem a uma lógica sexista em algumas famílias. Nesse contexto, a agressão parte de um pai, irmão, marido ou filho; condição de parentesco essa que desencoraja a vítima a prestar queixas, visto que há um vínculo institucional e afetivo que ela teme romper.
Outrossim, é válido salientar que a violência de gênero está presente em todas as camadas sociais, camuflada em pequenos hábitos cotidianos. Ela se revela não apenas na brutalidade dos assassinatos, mas também nos atos de misoginia e ridicularização da figura feminina em ditos populares, piadas ou músicas. Essa é a opressão simbólica da qual trata o sociólogo Pierre Bordieu: a violação aos Direitos Humanos não consiste somente no embate físico, o desrespeito está –sobretudo- na perpetuação de preconceitos que atentam contra a dignidade da pessoa humana ou de um grupo social.
Destarte, é fato que o Brasil encontra-se alguns passos à frente de outros países o combate à violência contra a mulher, por ter promulgado a Lei Maria da Penha. Entretanto, é necessário que o Governo reforce o atendimento às vítimas, criando mais delegacias especializadas, em turnos de 24 horas, para o registro de queixas. Por outro lado, uma iniciativa plausível a ser tomada pelo Congresso Nacional é a tipificação do feminicídio como crime de ódio e hediondo, no intuito de endurecer as penas para os condenados e assim coibir mais violações. É fundamental que o Poder Público e a sociedade – por meio de denúncias – combatam praticas machistas e a execrável prática do feminicídio.",A Persistência da Violência contra a Mulher na Sociedade Brasileira,"[200, 200, 200, 200, 200, 1000]","[165, 155, 160, 170, 150, 700]","response:
GenerateContentResponse(
    done=True,
    iterator=None,
    result=protos.GenerateContentResponse({
      ""candidates"": [
        {
          ""content"": {
            ""parts"": [
              {
                ""text"": ""[165, 155, 160, 170, 150, 700]\n""
              }
            ],
            ""role"": ""model""
          },
          ""finish_reason"": ""STOP"",
          ""avg_logprobs"": -0.028941896653944445
        }
      ],
      ""usage_metadata"": {
        ""prompt_token_count"": 4342,
        ""candidates_token_count"": 31,
        ""total_token_count"": 4373
      }
    }),
)"
51,"""De modo ficcional, o filme ""Cine Holiúdi"" retrata o impacto positivo do cinema no cotidiano das cidades, dada a sua capacidade de promover o lazer, socialização e cultura. Entretanto, na realidade, tais benefícios não atingem toda a população brasileira, haja vista a elitização dos meios cinematográficos e a falta de infraestrutura adequada nos cinemas existentes. Sendo assim, urge a análise e a resolução desses entraves para democratizar o acesso ao cinema no Brasil.
A princípio, é lícito destacar que a elitização dos meios cinematográficos contribui para que muitos brasileiros sejam impedidos de frequentar as salas de cinema. Isso posto, segundo o filósofo inglês Nick Couldry em sua obra ""Por que a voz importa?"", a sociedade neoliberal hodierna tende a silenciar os grupos menos favorecidos, privados dos meios de comunicação. A partir disso, é indubitável que a localização dos cinemas em áreas mais nobres e o alto valor dos ingressos configuram uma tentativa de excluir e silenciar os grupos periféricos, tal como discute Nick Couldry. Nesse viés, poucos são os indivíduos que desfrutam do direito ao lazer e à cultura promovidos pela cinematografia, o qual está previsto na Constituição e deve ser garantido a todos pelo Estado.
Ademais, vale postular que a falta de infraestrutura adequada para todos os cidadãos também dificulta o acesso amplo aos cinemas do país. Conquanto a acessibilidade seja um direito assegurado pela Carta Magna e os cinemas disponham de lugares reservados para cadeirantes, não há intérpretes de LIBRAS nas telas e a configuração das salas – pautada em escadas –, não auxilia o deslocamento de idosos e portadores de necessidades especiais. À luz dessa perspectiva, é fundamental que haja maior investimento em infraestrutura para que todos os brasileiros sejam incluídos nos ambientes cinematográficos.
Por fim, diante dos desafios supramencionados, é necessária a ação conjunta do Estado e da sociedade para mitigá-los. Nesse âmbito, cabe ao poder público, na figura do Ministério Público, em parceria com a mídia nacional, desenvolver campanhas educativas por meio de cartilhas virtuais e curta-metragens a serem veiculadas nas mídias sociais a fim de orientar a população e as empresas de cinema a valorizar o meio cinematográfico e ampliar a acessibilidade das salas. Por sua vez, as empresas devem colaborar com a democratização do acesso ao cinema pela cobrança de valores mais acessíveis e pela construção de salas adaptadas. Feito isso, o Brasil poderá garantir os benefícios do cinema a todos, como relata o filme ""Cine Holiúdi"".""",Democratização do acesso ao cinema no Brasil,"[200, 200, 200, 200, 200, 1000]","[170, 155, 165, 175, 160, 825]","response:
GenerateContentResponse(
    done=True,
    iterator=None,
    result=protos.GenerateContentResponse({
      ""candidates"": [
        {
          ""content"": {
            ""parts"": [
              {
                ""text"": ""[170, 155, 165, 175, 160, 825]\n""
              }
            ],
            ""role"": ""model""
          },
          ""finish_reason"": ""STOP"",
          ""avg_logprobs"": -0.013714453866404871
        }
      ],
      ""usage_metadata"": {
        ""prompt_token_count"": 5017,
        ""candidates_token_count"": 31,
        ""total_token_count"": 5048
      }
    }),
)"
199,"A formação educacional de surdos encontra, no Brasil, uma série de empecilhos. Essa tese pode ser comprovada por meio de dados divulgados pelo Inep, os quais apontam que o número de surdos matriculados em instituições de educação básica tem diminuído ao longo dos últimos anos. Nesse sentido, algo deve ser feito para alterar essa situação, uma vez que milhares de surdos de todo o país têm o seu direito à educação vilipendiado, confrontando, portanto, a Constituição Cidadã de 1988, que assegura a educação como um direito social de todo o cidadão brasileiro.
Em primeira análise, o descaso estatal com a formação educacional de deficientes auditivos mostra-se como um dos desafios à consolidação dessa formação. Isso porque poucos recursos são destinados pelo Estado à construção de escolas especializadas na educação de pessoas surdas, bem como à capacitação de profissionais para atenderem às necessidades especiais desses alunos. Ademais, poucas escolas são adeptas do uso de libras, segunda língua oficial do Brasil, a qual é primordial para a inclusão de alunos surdos em instituições de ensino. Dessa forma, a negligência do Estado, ao investir minimante na educação de pessoas especiais, dificulta a universalização desse direito social tão importante.
Em segunda análise, o preconceito da sociedade com os deficientes apresenta-se como outro fator preponderante para a dificuldade na efetivação da educação de pessoas surdas. Essa forma de preconceito não é algo recente na história da humanidade: ainda no Império Romano, crianças deficientes eram sentenciadas à morte, sendo jogadas de penhascos. O preconceito ao deficiente auditivo, no entanto, reverbera na sociedade atual, calcada na ética dilitarista, que considera inútil pessoas que, aparentemente menos capacitadas, têm pouca serventia à comunidade, como é caso de surdos. Os deficientes auditivos, desse modo, são muitas vezes vistos como pessoas de menor capacidade intelectual, sendo excluídos pelos demais, o que dificulta aos surdos não somente o acesso à educação, mas também à posterior entrada no mercado de trabalho.
Nesse sentido, urge que o Estado, por meio de envio de recursos ao Ministério da Educação, promova a construção de escolas especializadas em deficientes auditivos e a capacitação de profissionais para atuarem não apenas nessas escolas, mas em instituições de ensino comuns também, objetivando a ampliação do acesso à educação aos surdos, assegurando a estes, por fim, o acesso a um direito garantido constitucionalmente. Outrossim, ONGs devem promover, através da mídia, campanhas que conscientizem a população acerca da importância do deficiente auditivo para a sociedade, enfatizando em mostrar a capacidade cognitiva e intelectual do surdo, o qual seria capaz de participar da população economicamente ativa (PEA), como fosse concedido a este o direito à educação e à equidade de tratamento, por meio da difusão do uso de libras. Dessa forma, o Brasil poderia superar os desafios à consolidação da formação educacional de surdos.",Educação inclusiva,"[200, 200, 200, 200, 200, 1000]","[165, 150, 160, 170, 155, 800]","response:
GenerateContentResponse(
    done=True,
    iterator=None,
    result=protos.GenerateContentResponse({
      ""candidates"": [
        {
          ""content"": {
            ""parts"": [
              {
                ""text"": ""[165, 150, 160, 170, 155, 800]\n""
              }
            ],
            ""role"": ""model""
          },
          ""finish_reason"": ""STOP"",
          ""avg_logprobs"": -0.006562069058418274
        }
      ],
      ""usage_metadata"": {
        ""prompt_token_count"": 5781,
        ""candidates_token_count"": 31,
        ""total_token_count"": 5812
      }
    }),
)"
226,"O filme O Coringa retrata a história de um homem que possui uma doença mental e, por não possuir atendimento psiquiátrico adequado, ocorre o agravamento do seu quadro clínico. Com essa abordagem, a obra revela a importância da saúde psicológica para um bom convívio social. Hodiernamente, fora da ficção, muitos brasileiros enfrentam situação semelhante, o que colabora para a piora da saúde populacional e para a persistência do estigma relacionado à doença psicológica. Dessa forma, por causa da negligência estatal, além da desinformação populacional, essas consequências se agravam na sociedade brasileira.
Em primeiro lugar, a negligência do Estado, a escassez de projetos estatais que visem a assistência psiquiátrica na sociedade contribui para a precariedade desse setor e para a continuidade desse estigma envolvendo essa temática. Dessa maneira, parte da população deixa de possuir tratamento adequado, o que resulta na piora de sua saúde mental e na sua exclusão social. No entanto, apesar da Constituição Federal de 1988 determinar como direito fundamental do cidadão brasileiro e acesso à saúde de qualidade, essa lei não é concretizada, pois não há investimentos estatais suficientes nessa área. Diante dos fatos apresentados, é imprescindível uma ação do Estado para mudar sua realidade.
Nota-se, outrossim, que a desinformação na sociedade é outra problemática em relação ao estigma dos distúrbios mentais. Nesse aspecto, devido à escassez de divulgação de informações nas redes sociais sobre a importância da identificação e do tratamento das doenças psicológicas, há a relativização desses quadros clínicos na sociedade. Desse modo, como é retratado no filme ""O Lado Bom da Vida"", o qual mostra a dificuldade de inclusão de pessoas com doenças mentais na sociedade, parte da população brasileira enfrenta esse desafio. Com efeito, essa parcela da sociedade fica à margem do convívio social, tendo em vista a prevalência do desrespeito e do preconceito na população. Nesse cenário, faz-se necessária uma mudança de postura das redes midiáticas.
Portanto, vistos os desafios que contribuem para o estigma associado aos transtornos mentais, é mister uma atuação governamental para combatê-los. Diante disso, o Ministério de Saúde deve intensificar a criação de atendimentos psiquiátricos públicos, com o objetivo de melhorar a saúde mental da população e garantir o seu direito. Para tal, é necessário um direcionamento de verbas para a contratação dos profissionais responsáveis pelo projeto, a fim de proporcionar uma assistência de qualidade para a sociedade. Além disso, o Ministério das Comunicações deve divulgar informações nas redes midiáticas sobre a importância do respeito às pessoas com doenças psicológicas e da identificação precoce desses quadros. Mediante a essas ações concretas, a realidade do filme O Coringa tão somente figurará nas telas dos cinemas.",O estigma associado às doenças mentais na sociedade brasileira,"[200, 200, 200, 200, 200, 1000]","[160, 155, 165, 170, 150, 800]","response:
GenerateContentResponse(
    done=True,
    iterator=None,
    result=protos.GenerateContentResponse({
      ""candidates"": [
        {
          ""content"": {
            ""parts"": [
              {
                ""text"": ""[160, 155, 165, 170, 150, 800]\n""
              }
            ],
            ""role"": ""model""
          },
          ""finish_reason"": ""STOP"",
          ""avg_logprobs"": -0.04166186624957669
        }
      ],
      ""usage_metadata"": {
        ""prompt_token_count"": 6521,
        ""candidates_token_count"": 31,
        ""total_token_count"": 6552
      }
    }),
)"
189,"Em meados do século passado, o escritor austríaco Stefan Zweig mudou-se para o Brasil devido à perseguição nazista na Europa. Bem recebido e impressionado com o potencial da nova casa, Zweig escreveu um livro cujo título é até hoje repetido: “Brasil, país do futuro”. Entretanto, quando se observa a deficiência das medidas na luta contra a intolerância religiosa no Brasil, percebe-se que a profecia não saiu do papel. Nesse sentido, é preciso entender suas verdadeiras causas para solucionar esse problema.
A princípio, é possível perceber que essa circunstância deve-se a questões políticas-estruturais. Isso se deve ao fato de que, a partir da impunidade em relação a atos que manifestem discriminação religiosa, o seu combate é minimizado e subaproveitado, já que não há interferência para mudar tal situação. Tal conjuntura é ainda intensificada pela insuficiente laicidade do Estado, uma vez que interfere em decisões políticas e sociais, como aprovação de leis e exclusão social. Prova disso, é, infelizmente, a existência de uma “bancada evangélica” no poder público brasileiro. Dessa forma, atitudes agressivas e segregacionistas devido ao preconceito religioso continuam a acontecer, pondo em xeque o direito de liberdade religiosa, o que evidencia falhas nos elementos contra a intolerância religiosa brasileira.
Outrossim, vale ressaltar que essa situação é corroborada por fatores socioculturais. Durante a formação do Estado brasileiro, a escravidão se fez presente em parte significativa do processo; e com ela vieram as discriminações e intolerâncias culturais, derivadas de ideologias como superioridade do homem branco e darwinismo social. Lamentavelmente, tal perspectiva é vista até hoje no território brasileiro. Bom exemplo disso são os índices que indicam que os indivíduos seguidores e pertencentes das religiões afro-brasileiras são os mais afetados. Dentro dessa lógica, nota-se que a dificuldade de prevenção e combate ao desprezo e preconceito religioso mostra-se fruto de heranças coloniais discriminatórias, as quais negligenciam tanto o direito à vida quanto o direito de liberdade de expressão e religião.
Torna-se evidente, portanto, que os caminhos para a luta contra a intolerância religiosa no Brasil apresentam entraves que necessitam ser revertidos. Logo, é necessário que o governo investigue casos de impunidade por meio de fiscalizações no cumprimento de leis, abertura de mais canais de denúncia e postos policiais. Além disso, é preciso que o poder público busque ser o mais imparcial (religiosamente) possível, a partir de acordos pré-definidos sobre o que deve, ou não, ser debatido na esfera política e disseminado para a população. Ademais, as instituições de ensino, em parceria com a mídia e ONGs, podem fomentar o pensamento crítico por intermédio de pesquisas, projetos, trabalhos, debates e campanhas publicitárias esclarecedoras. Com essas medidas, talvez, a profecia de Zweig torne-se realidade no presente.",Caminhos para combater a intolerância religiosa no Brasil,"[200, 200, 200, 200, 200, 1000]","[170, 155, 165, 175, 160, 825]","response:
GenerateContentResponse(
    done=True,
    iterator=None,
    result=protos.GenerateContentResponse({
      ""candidates"": [
        {
          ""content"": {
            ""parts"": [
              {
                ""text"": ""[170, 155, 165, 175, 160, 825]\n\n""
              }
            ],
            ""role"": ""model""
          },
          ""finish_reason"": ""STOP"",
          ""avg_logprobs"": -0.12194486587278304
        }
      ],
      ""usage_metadata"": {
        ""prompt_token_count"": 7290,
        ""candidates_token_count"": 31,
        ""total_token_count"": 7321
      }
    }),
)"
