id,essay_text,id_prompt,grades,llama_grades,llama_output
1.html,"Hoje em dia a taxa de desemprego esta muito alta, isso é fato, mas não acho que seja realmente por falta de oportunidades, mas sim por falta de qualificação, existem muitos desempregados hoje, imagina futuramente! Parte da população hoje não possui ensino superior, o que ja é bem exigido, entre pessoas que tem ensino superior e pessoas que tem uma pós graduação, provavelmente vai contratar a pessoa que tem uma pós graduação.
Agora vamos falar do futuro que nós espera. Estamos no século da tecnologia e inovação onde cada vez mais maquinas ocupam o lugar de alguém, não só por falta de qualificação, mas também pela substituição de pessoas por maquinas. Também acho importante destacar que isso não so por deixar uma pessoa desempregada mas também faz com que á empresa economise dinheiro e tempo, sendo assim possa produzir mais.
Para finalizar acho importante dizer então que futuramente sem qualificação, o desemprego tenha uma taxa bem mais elevada que atualmente. Espero que as pessoas dê mais valor para os estudos, já que atualmente a taxa de jovens sem estudos é bem alta.",qualificacao-e-o-futuro-do-emprego,[120 120  80 120 120 560],"[120, 160, 160, 120, 80, 640]","ChatCompletionMessage(content='[120, 160, 160, 120, 80, 640]', role='assistant', function_call=None, tool_calls=None)"
16.html,"Em meio à chamada revolução tecnológica, os novos empregos que surgem requerem qualificação e especialização cada vez maiores. Isto denota uma preocupação tanto por parte dos estudantes, que não se sentem devidamente preparados para o mercado de trabalho, quanto de empresas as quais têm dificuldade para encontrar candidatos aptos a ocuparem cargos exigentes.
Pois ainda que as escolas abordem diversos assuntos, o sistema de ensino tradicional é incapaz de acompanhar as recentes exigências frente à automação do modo de produção, uma vez que mercado de trabalho está à procura de conhecimento prático e técnico. Segundo dados do Manpower Group, os empregadores reportam dificuldade em selecionar pessoas adequadas a vagas abertas. Enquanto isso, o sistema de ensino tradicional resiste em substituir o aprendizado generalizado pela iniciação técnica que dará o devido preparo ao estudante.
Além disto, a revolução tecnológica faz com que empresas necessitem buscar o aperfeiçoamento constante de seus empregados. Um estudo do Fórum Econômico Mundial mostra que, em grandes empresas, quase metade dos funcionários precisa passar por treinamento todos os anos. O desafio de manter uma produtividade cada vez maior exerce pressão sob uma população que já não sabe mais como se reinventar, sobrando para políticas públicas solucionar a defasagem, seja das instituições educacionais ou de mão de obra especializada.
Com isso, concluímos que o ensino de caráter técnico-científico é fundamental para se criar indivíduos qualificados em meio ao futuro tecnológico e automatizado. Desse modo, o Governo deve dar início a políticas públicas que busquem revisar o preparo ofertado por instituições educacionais, aprovando medidas as quais configuram o ensino técnico como obrigatório no currículo escolar, enquanto medidas econômicas são aplicadas a fim de incitar o aumento da oferta e da procura por cursos técnicos.",qualificacao-e-o-futuro-do-emprego,[160 120 160 120 120 680],"[160, 200, 200, 200, 200, 960]","ChatCompletionMessage(content='[160,200,200,200,200,960]', role='assistant', function_call=None, tool_calls=None)"
17.html,"Eu acredito que os dois são muito importantes e um complementa o outro.O sucesso da Escola deve-se a convivência social, acesso a outras culturas e professores com qualificação e comprometimento.Convivência social: Aprende a conviver com pessoas com características diferentes, credos diferentes e outro tipo de educação, essa convivência faz com que nos tornemos mais tolerantes e menos preconceituosos.Acesso a outras Culturas: Temos muito preconceito com outras culturas pois não conhecemos, mas na escola nos ensinam que não é assim que sempre temos algo a aprender com o outro.Por outro lado o esforço individual nos mostra que é possível alcançar nossos sonhos e metas, através de interesses, curiosidades pessoais e comprometimento.Curiosidades pessoais: Aprender novos idiomas, se especializar em algo que ama fazer.Comprometimento: Definir uma meta e não desistir até alcança-la ",o-sucesso-vem-da-escola-ou-do-esforco-individual,[0 0 0 0 0 0],"[160, 160, 120, 120, 80, 640]","ChatCompletionMessage(content='[160,160,120,120,80,640]', role='assistant', function_call=None, tool_calls=None)"
2.html,"O mês de novembro iniciou-se com grande discussão, pois o Supremo Tribunal Federal (STF) está definindo se o réu deverá ficar preso ou permanecer solto até recorrer às últimas instâncias. Atualmente a legislação brasileira, em consonância com leis de países que inspiram nosso sistema criminal, possibilita as prisões de réus após condenações de segunda instância.
Esse debate é característico do STF, que sendo órgão máximo da justiça do país discorre sobre questões jurisprudenciais, ou seja, os aspectos referentes às decisões, aplicações e interpretações das leis.
A Corte Suprema pode mudar esse posicionamento, permitindo que os encarceramentos somente ocorram após o esgotamento das possibilidades recursais ao Superior Tribunal de Justiça (STJ) e ao próprio STF. A base legal para mudança, caso aconteça, é a Constituição Federal que diz ""ninguém será considerado culpado até o trânsito em julgado de sentença penal condenatória"".
Percebe-se um grande impasse, por um lado a mudança do atual posicionamento acarretará aumento de criminosos às soltas aguardando julgamento - julgamento esse que já é moroso-, uma vez que a condenação só poderá acontecer após o julgamento do STJ e STF. Por outro lado, a conservação do entendimento em vigor pode ser compreendida como violação de um direito constitucional, já que haverá possibilidade de recursos às 3ª e 4ª instâncias.
Luiza Cristina Frischeisen, do Ministério Público Federal, considera que ""se o STF decidir que a decisão ocorra somente após o trânsito em julgado (esgotados todos os recursos), o Brasil ficará extremamente isolado, em matéria penal, entre outros países democráticos. Uma decisão nesse sentido favorece a impunidade"", infelizmente a impunidade é bem conhecida no país, e aumentá-la fará com que o brasileiro desacredite ainda mais na justiça do país.",um-reu-deve-ou-nao-ser-preso-apos-a-condenacao-em-2-instancia,[160  80 120 160   0 520],"[160, 160, 120, 120, 120, 680]","ChatCompletionMessage(content='[160, 160, 120, 120, 120, 680]', role='assistant', function_call=None, tool_calls=None)"
14.html,"A imigração de refugiado tem sido um dos maiores desafios das nações. Este transpassa a questão humanitária e vai de encontro a soberania de muitos países. Não diferente, O Brasil enfrenta, como os demais situação parecida. Nos últimos anos uma grande quantidade de refugiados têm transpassada a fronteira do país forçando o poder público medidas que garantam a integridade da soberania nacional e que esteja em consonância aos direitos humanos. 
Várias nações do mundo estão passando por percalços, seja por guerras, crises econômicas, conflitos internos, regimes ditatoriais... Fato que faz surgir refugiados que vislumbram nos países mais próximos a salva guarda para manterem a integridade. O que para estes é um alento, para o país que vão se refugiam se torna um problema. Que muitas vezes não está relacionado diretamente a um sentimento xenófobo, mas sim por uma questão social. No caso do Brasil, os refugiados da nossa nação adjacente se abrigaram em uma cidade de um estado da federação que tem grande dificuldade para cuidar até mesmo dos nativos. Causando um verdadeiro caos. O que fez aumentar ainda mais o sofrimento de quem já está em uma situação extrema.
Destarte que não basta o mero acolhimento, deve-se socorrer e fomentar uma nova expectativa de vida nestas pessoas que estão distantes do país de origem. O que tende a demandar tempo e recursos. No caso brasileiro um dispêndio a mais em um país que está em busca de reduzir despesas. Salientando que se faz necessário uma previa triagem para evitar que pessoas criminosas e mal-intencionadas venham fazer nação um local para praticas criminosa e potencialize a violência.
Desprende que o maior desafio no trato com os imigrantes está em conciliar a soberana força nacional de proteção com a aplicação de direitos humanos. É impensável deixar de ajudar o semelhante em apuros. Efetivar esse apoio sem prejudicar os demais é tarefa que requer recursos e planejamentos. O que aos poucos o país vai se consolidando. ",o-brasil-e-os-imigrantes-no-mundo-contemporaneo,[120 120 120 120  80 560],"[120, 80, 120, 120, 160, 600]","ChatCompletionMessage(content='[120,80,120,120,160,600]', role='assistant', function_call=None, tool_calls=None)"
11.html,"No Brasil contemporâneo vivenciamos o impacto da imigração de venezuelanos por meio da fronteira entre Brasil, no estado de Roraima, e Venezuela. O êxodo venezuelano tem se desdobrado em discussões, debates, medidas governamentais de gerenciamento dos imigrantes e, finalmente, a medida mais drástica, a ameaça de retirada do Brasil do Pacto Mundial para Migração pelo Presidente da República, Jair Messias Bolsonaro.
A questão de frente é a crise nos países de origem dos imigrantes gerada por governos corruptos, ditatoriais, guerras, conflitos internos e crise econômica além da falta de desenvolvimento na educação, carência de estruturas básicas de saneamento entre outros déficits. Já a questão de fundo, ofuscada pelo medo e desinformação, é a situação de imigrantes e refugiados que ficam à margem da sociedade e se sustentam apenas na esperança de sobreviverem em um país com condições diversas do seu país de origem.
A retirada do Brasil do Pacto Mundial para Migração é um erro, é a negação do estado de direito daqueles que se socorrem em nossa nação, pois o contexto da Constituição de 1988 assevera que somos uma nação solidária e que em nossas relações internacionais prevalecerão os direitos humanos e a cooperação entre os povos para o progresso da humanidade, o que significa que a saída do Brasil desse acordo é a negação da própria Constituição Federal, a carta inaugural da República Federativa Brasileira.
O Brasil é um país emergente, uma nação em ascensão com plenas condições de acolher imigrantes, sua acolhida significa, além de progresso, também o desenvolvimento e demonstração de prevalência dos direitos humanos com o absoluto respeito a dignidade da pessoa humana.",o-brasil-e-os-imigrantes-no-mundo-contemporaneo,[200 200 160 120   0 680],"[160, 200, 160, 160, 160, 840]","ChatCompletionMessage(content='[160,200,160,160,160,840]', role='assistant', function_call=None, tool_calls=None)"
10.html,"A Qualificação e o futuro do emprego estão cada vez mais preocupantes e eles são importantes para que nosso país saia dessa crise de desemprego, Cerca de 12 milhões de pessoas atualmente estão desempregadas, por isso que o futuro é tão preocupante para alguns.
Por tanto é importante ressaltar que uma qualificação em alguma área e o ensino medio completo é essencial para que a pessoa consiga um emprego, muitas vezes as empresas deixam de contratar o funcionário por conta de seu currículo não ter nenhuma qualificação.
Atualmente a tecnologia é uma das ferramentas mais usadas, hoje em dia conseguimos fazer praticamente tudo com ela, porém o excesso dela pode ocasionar muitos problemas, um deles é a falta de emprego por conta de ser algo mais robotico e agil.
Infelizmente em outros países esse método já foi adotado nos mercados e industrias, substituindo o funcionário por algo mais moderno que para o empregador daria menos gastos, esse avanço da tecnologia ainda está em andamento em nosso país.
Portanto, podemos concluir que uma qualificação é muito importante nos dias atuais, e a questão do emprego, deveriam criar mais empregos para suportar o numero de população de desempregados e não substituir los por maquinas ",qualificacao-e-o-futuro-do-emprego,[120 120  80 120  40 480],"[120, 120, 120, 80, 80, 520]","ChatCompletionMessage(content='[120, 120, 120, 80, 80, 520]', role='assistant', function_call=None, tool_calls=None)"
13.html,"Atualmente o número de processos criminais no Brasil é muito grande, com isso a prisão após a condenação do réu em 2ª instância, se torna insensata, pois as prisões brasileiras estão superlotadas, e esse fato supracitado só piora tal situação.
Em primeiro lugar devemos destacar que uma decisão nesse sentido favorece a injustiça. Além disso no direito penal brasileiro existe um grande número de recursos que devem ser respeitados. Uma vez que é direito do réu permanecer em liberdade até que se esgotem todos os recursos disponíveis.
Dessa maneira para mudar a realidade do nosso país o Governo Federal deve criar leis que proíbam a prisão em 2ª instância. Como disse Desmóstenes : ""É necessário que os princípios de uma política sejam justos e verdadeiros"", Ou seja, deve ser preso quem realmente merece ser preso!",um-reu-deve-ou-nao-ser-preso-apos-a-condenacao-em-2-instancia,[120 200 120 120 120 680],"[120, 80, 160, 120, 0, 480]","ChatCompletionMessage(content='[120, 80, 160, 120, 0, 480]', role='assistant', function_call=None, tool_calls=None)"
1.html,"No Brasil, grande parte da população emigra procurando melhorar de vida em países mais desenvolvidos. Dessa forma, sair do pacto para imigração e diminuir as relações com o Mercosul representa mais prejuízos do que vantagens. Uma vez que o Brasil não é o país que mais recebe imigrantes, essa política contra o pacto pode prejudicar a vida de brasileiros no exterior.
Primeiramente, com a atual crise política e econômica na Venezuela, muitos cidadãos desse país estão procurando refúgio em países vizinhos. Sendo a Bolívia a que mais recebe essas pessoas sendo seguida pelo Brasil. A entrada desses imigrantes para o no Brasil deveria ser incentivada uma vez que o Brasil tem a capacidade de recebê-los e de aproveitar essa mão de obra para o desenvolvimento econômico nacional.
Em contrapartida, a saída do pacto global para a imigração pode prejudicar a relação do Brasil com outros países que recebem emigrantes brasileiros. Pois não sendo uma nação signatária do pacto pode sofrer com políticas mais duras como afirma o sociólogo Thomas Marshall sobre a conquista de direitos dos cidadãos na atual fase da globalização.
Portanto, o Brasil só tem a perder dificultando a imigração e incentivando a xenofobia. Logo para reverter essa situação o país não deve sair do pacto, flexibilizar a entrada de imigrantes e não se comparar com países desenvolvidos como o Reino Unido e a política do Brexit. Só assim poderemos crescer como nação, compartilhando os direitos sociais para todos.",o-brasil-e-os-imigrantes-no-mundo-contemporaneo,[160 200 160 160 160 840],"[160, 120, 160, 160, 160, 760]","ChatCompletionMessage(content='[160, 120, 160, 160, 160, 760]', role='assistant', function_call=None, tool_calls=None)"
5.html,"É de conhecimento geral que a notícia se espalha pelo Brasil inteiro, pois a manifestação está sendo falada em todo o território nacional. Com base nos conhecimentos os caminhoneiros estão reivindicando seus direitos.
Em consequência disso, vê-se a todo instante reportagens que vem a julgar a manifestação, no entanto, dizem que os caminhoneiros estao causando desordem entre a população, nota-se qeos grevistas não estão apenas manifestando para si, e sim àqueles que não tiveram coragem de sair nas ruas a declarar sua indignação. Em todos os canais há notas de esclarecimento que devido a greve, está faltando remédios em hospitais, doadores, etc. Isso é praticamente um meio de não culpar os governantes e querem pôr culpa nos caminhoneiros.
Em virtudes dos fatos mencionados, conclui-se que há uma esperança de vida melhor assim que a greve acabar.",o-brasil-paralisado-o-que-voce-pensa-sobre-a-greve-dos-caminhoneiros,[ 80  40  40 120  40 320],"[80, 120, 80, 40, 0, 320]","ChatCompletionMessage(content='[80, 120, 80, 40, 0, 320]', role='assistant', function_call=None, tool_calls=None)"
